repo_id,name,full_name,owner,url,stars,created_at,last_modified,language,topics
132750724,build-your-own-x,codecrafters-io/build-your-own-x,codecrafters-io,https://github.com/codecrafters-io/build-your-own-x,500789,2018-05-09T12:03:18Z,2026-02-21T09:34:54Z,Markdown,"awesome-list, free, programming, tutorial-code, tutorial-exercises, tutorials"
21737465,awesome,sindresorhus/awesome,sindresorhus,https://github.com/sindresorhus/awesome,465511,2014-07-11T13:42:37Z,2026-05-05T14:47:44Z,,"awesome, awesome-list, lists, resources, unicorns"
28457823,freeCodeCamp,freeCodeCamp/freeCodeCamp,freeCodeCamp,https://github.com/freeCodeCamp/freeCodeCamp,444548,2014-12-24T17:49:19Z,2026-05-12T08:23:41Z,TypeScript,"careers, certification, community, curriculum, d3, education, freecodecamp, javascript, learn-to-code, math, nodejs, nonprofits, programming, react, teachers"
54346799,public-apis,public-apis/public-apis,public-apis,https://github.com/public-apis/public-apis,434299,2016-03-20T23:49:42Z,2026-05-12T04:34:58Z,Python,"api, apis, dataset, development, free, list, lists, open-source, public, public-api, public-apis, resources, software"
13491895,free-programming-books,EbookFoundation/free-programming-books,EbookFoundation,https://github.com/EbookFoundation/free-programming-books,388123,2013-10-11T06:50:37Z,2026-05-11T00:08:51Z,Python,"books, education, hacktoberfest, list, resource"
1103012935,openclaw,openclaw/openclaw,openclaw,https://github.com/openclaw/openclaw,371102,2025-11-24T10:16:47Z,2026-05-12T11:45:32Z,TypeScript,"ai, assistant, crustacean, molty, openclaw, own-your-data, personal"
85077558,developer-roadmap,nilbuild/developer-roadmap,nilbuild,https://github.com/nilbuild/developer-roadmap,354637,2017-03-15T13:45:52Z,2026-05-11T15:20:20Z,TypeScript,"angular-roadmap, backend-roadmap, blockchain-roadmap, computer-science, dba-roadmap, developer-roadmap, devops-roadmap, frontend-roadmap, go-roadmap, java-roadmap, javascript-roadmap, nodejs-roadmap, python-roadmap, qa-roadmap, react-roadmap, roadmap, software-architect-roadmap, vue-roadmap"
83222441,system-design-primer,donnemartin/system-design-primer,donnemartin,https://github.com/donnemartin/system-design-primer,348060,2017-02-26T16:15:28Z,2026-03-20T01:52:19Z,Python,"design, design-patterns, design-system, development, interview, interview-practice, interview-questions, programming, python, system, web, web-application, webapp"
60493101,coding-interview-university,jwasham/coding-interview-university,jwasham,https://github.com/jwasham/coding-interview-university,346618,2016-06-06T02:34:12Z,2025-08-28T14:42:47Z,,"algorithm, algorithms, coding-interview, coding-interviews, computer-science, data-structures, interview, interview-prep, interview-preparation, programming-interviews, software-engineering, study-plan"
21289110,awesome-python,vinta/awesome-python,vinta,https://github.com/vinta/awesome-python,297225,2014-06-27T21:00:06Z,2026-05-12T02:36:10Z,Python,"awesome, collections, python, python-frameworks, python-libraries, python-tools"
36633370,awesome-selfhosted,awesome-selfhosted/awesome-selfhosted,awesome-selfhosted,https://github.com/awesome-selfhosted/awesome-selfhosted,291664,2015-06-01T02:33:17Z,2026-05-11T09:42:36Z,,"awesome, awesome-list, cloud, free-software, hosting, privacy, self-hosted, selfhosted"
177736533,996.ICU,996icu/996.ICU,996icu,https://github.com/996icu/996.ICU,276167,2019-03-26T07:31:14Z,2025-08-22T06:01:29Z,,
88011908,project-based-learning,practical-tutorials/project-based-learning,practical-tutorials,https://github.com/practical-tutorials/project-based-learning,265470,2017-04-12T05:07:46Z,2024-08-15T05:33:54Z,,"beginner-project, cpp, golang, javascript, project, python, tutorial, webdevelopment"
10270250,react,facebook/react,facebook,https://github.com/facebook/react,244971,2013-05-24T16:15:54Z,2026-05-12T04:35:31Z,JavaScript,"declarative, frontend, javascript, library, react, ui"
2325298,linux,torvalds/linux,torvalds,https://github.com/torvalds/linux,232898,2011-09-04T22:48:12Z,2026-05-11T22:42:57Z,C,
63476337,Python,TheAlgorithms/Python,TheAlgorithms,https://github.com/TheAlgorithms/Python,220965,2016-07-16T09:44:01Z,2026-05-04T18:10:39Z,Python,"algorithm, algorithm-competitions, algorithms-implemented, algos, community-driven, education, hacktoberfest, interview, learn, practice, python, searches, sorting-algorithms, sorts"
138393139,the-book-of-secret-knowledge,trimstray/the-book-of-secret-knowledge,trimstray,https://github.com/trimstray/the-book-of-secret-knowledge,219909,2018-06-23T10:43:14Z,2024-11-19T14:00:38Z,,"awesome, awesome-list, bsd, cheatsheets, devops, guidelines, hacking, hacks, howtos, linux, lists, manuals, one-liners, pentesters, resources, search-engines, security, security-researchers, sysops"
11730342,vue,vuejs/vue,vuejs,https://github.com/vuejs/vue,209758,2013-07-29T03:24:51Z,2024-10-10T07:24:15Z,TypeScript,"framework, frontend, javascript, vue"
19415064,computer-science,ossu/computer-science,ossu,https://github.com/ossu/computer-science,203737,2014-05-04T00:18:39Z,2026-04-21T04:43:27Z,HTML,"awesome-list, computer-science, courses, curriculum"
126577260,javascript-algorithms,trekhleb/javascript-algorithms,trekhleb,https://github.com/trekhleb/javascript-algorithms,195950,2018-03-24T07:47:04Z,2026-02-18T09:20:06Z,JavaScript,"algorithm, algorithms, computer-science, data-structures, interview, interview-preparation, javascript, javascript-algorithms"
45717250,tensorflow,tensorflow/tensorflow,tensorflow,https://github.com/tensorflow/tensorflow,195088,2015-11-07T01:19:20Z,2026-05-12T11:47:18Z,C++,"deep-learning, deep-neural-networks, distributed, machine-learning, ml, neural-network, python, tensorflow"
1197021090,claw-code,ultraworkers/claw-code,ultraworkers,https://github.com/ultraworkers/claw-code,191176,2026-03-31T08:58:08Z,2026-05-11T14:32:32Z,Rust,
193215554,n8n,n8n-io/n8n,n8n-io,https://github.com/n8n-io/n8n,187539,2019-06-22T09:24:21Z,2026-05-12T11:47:15Z,TypeScript,"ai, apis, automation, cli, data-flow, development, integration-framework, integrations, ipaas, low-code, low-code-platform, mcp, mcp-client, mcp-server, n8n, no-code, self-hosted, typescript, workflow, workflow-automation"
1073224795,superpowers,obra/superpowers,obra,https://github.com/obra/superpowers,187436,2025-10-09T19:45:18Z,2026-05-12T00:50:01Z,Shell,
291137,ohmyzsh,ohmyzsh/ohmyzsh,ohmyzsh,https://github.com/ohmyzsh/ohmyzsh,186952,2009-08-28T18:15:37Z,2026-05-11T09:00:29Z,Shell,"cli, cli-app, oh-my-zsh, oh-my-zsh-plugin, oh-my-zsh-theme, ohmyzsh, plugin-framework, plugins, productivity, shell, terminal, theme, themes, zsh, zsh-configuration"
41881900,vscode,microsoft/vscode,microsoft,https://github.com/microsoft/vscode,184829,2015-09-03T20:23:38Z,2026-05-12T11:31:25Z,TypeScript,"editor, electron, microsoft, typescript, visual-studio-code"
14440270,You-Dont-Know-JS,getify/You-Dont-Know-JS,getify,https://github.com/getify/You-Dont-Know-JS,184452,2013-11-16T02:37:24Z,2026-02-15T04:36:44Z,,"async, book, book-series, closures, education, es2015, es6, javascript, learn-to-code, programming, prototypes, training-materials, training-providers"
121395510,CS-Notes,CyC2018/CS-Notes,CyC2018,https://github.com/CyC2018/CS-Notes,184338,2018-02-13T14:56:24Z,2024-08-21T09:40:10Z,,"algorithm, computer-science, cpp, interview, java, leetcode, python, system-design"
614765452,AutoGPT,Significant-Gravitas/AutoGPT,Significant-Gravitas,https://github.com/Significant-Gravitas/AutoGPT,184210,2023-03-16T09:21:07Z,2026-05-12T11:10:55Z,Python,"agentic-ai, agents, ai, artificial-intelligence, autonomous-agents, claude, gpt, llama-api, llm, openai, python"
123458551,Python-100-Days,jackfrued/Python-100-Days,jackfrued,https://github.com/jackfrued/Python-100-Days,182369,2018-03-01T16:05:52Z,2026-04-13T02:42:42Z,Jupyter Notebook,
1136590548,everything-claude-code,affaan-m/everything-claude-code,affaan-m,https://github.com/affaan-m/everything-claude-code,180060,2026-01-18T00:51:51Z,2026-05-12T11:42:46Z,JavaScript,"ai-agents, anthropic, claude, claude-code, developer-tools, llm, mcp, productivity"
31792824,flutter,flutter/flutter,flutter,https://github.com/flutter/flutter,176291,2015-03-06T22:54:58Z,2026-05-12T11:24:37Z,Dart,"android, app-framework, cross-platform, dart, dart-platform, desktop, flutter, flutter-package, fuchsia, ios, linux-desktop, macos, material-design, mobile, mobile-development, skia, web, web-framework, windows"
233472199,Microsoft-Activation-Scripts,massgravel/Microsoft-Activation-Scripts,massgravel,https://github.com/massgravel/Microsoft-Activation-Scripts,174965,2020-01-12T23:03:34Z,2026-05-07T16:42:57Z,Batchfile,"activator, hwid, kms, kms38, massgrave, massgravel, microsoft, microsoft365, office, office365, ohook, powershell, tsforge, windows, windows-10, windows-11"
2126244,bootstrap,twbs/bootstrap,twbs,https://github.com/twbs/bootstrap,174239,2011-07-29T21:19:00Z,2026-05-09T20:42:25Z,MDX,"bootstrap, css, css-framework, html, javascript, sass, scss"
1062897,gitignore,github/gitignore,github,https://github.com/github/gitignore,173855,2010-11-08T20:17:14Z,2026-04-27T16:16:10Z,,"git, gitignore"
21540759,awesome-go,avelino/awesome-go,avelino,https://github.com/avelino/awesome-go,172451,2014-07-06T13:42:15Z,2026-05-10T23:22:03Z,Go,"awesome, awesome-list, go, golang, golang-library, hacktoberfest"
658928958,ollama,ollama/ollama,ollama,https://github.com/ollama/ollama,171257,2023-06-26T19:39:32Z,2026-05-12T04:02:19Z,Go,"deepseek, gemma, gemma3, glm, go, golang, gpt-oss, llama, llama3, llm, llms, minimax, mistral, ollama, qwen"
527591471,stable-diffusion-webui,AUTOMATIC1111/stable-diffusion-webui,AUTOMATIC1111,https://github.com/AUTOMATIC1111/stable-diffusion-webui,162993,2022-08-22T14:05:26Z,2026-03-02T07:00:53Z,Python,"ai, ai-art, deep-learning, diffusion, gradio, image-generation, image2image, img2img, pytorch, stable-diffusion, text2image, torch, txt2img, unstable, upscaling, web"
574523116,prompts.chat,f/prompts.chat,f,https://github.com/f/prompts.chat,162087,2022-12-05T13:54:13Z,2026-05-12T04:20:26Z,HTML,"ai, artificial-intelligence, awesome-list, chatgpt, chatgpt-prompts, claude, gemini, gpt, gpt-4, llm, machine-learning, nextjs, open-source, openai, prompt-engineering, prompts, prompts-chat, typescript"
307260205,yt-dlp,yt-dlp/yt-dlp,yt-dlp,https://github.com/yt-dlp/yt-dlp,161865,2020-10-26T04:22:55Z,2026-05-05T22:54:26Z,Python,"cli, downloader, python, sponsorblock, youtube-dl, youtube-downloader, yt-dlp"
808144141,FreeDomain,DigitalPlatDev/FreeDomain,DigitalPlatDev,https://github.com/DigitalPlatDev/FreeDomain,161809,2024-05-30T13:23:00Z,2026-04-24T13:50:28Z,HTML,"digitalplat, domain, domain-platform, domainname, domains, free, freedomain"
35955666,the-art-of-command-line,jlevy/the-art-of-command-line,jlevy,https://github.com/jlevy/the-art-of-command-line,160919,2015-05-20T15:11:03Z,2024-06-25T18:13:44Z,,"bash, documentation, linux, macos, unix, windows"
155220641,transformers,huggingface/transformers,huggingface,https://github.com/huggingface/transformers,160513,2018-10-29T13:56:00Z,2026-05-12T10:11:36Z,Python,"audio, deep-learning, deepseek, gemma, glm, hacktoberfest, llm, machine-learning, model-hub, natural-language-processing, nlp, pretrained-models, python, pytorch, pytorch-transformers, qwen, speech-recognition, transformer, vlm"
975734319,opencode,anomalyco/opencode,anomalyco,https://github.com/anomalyco/opencode,158931,2025-04-30T20:08:00Z,2026-05-12T11:28:58Z,TypeScript,
58028038,HelloGitHub,521xueweihan/HelloGitHub,521xueweihan,https://github.com/521xueweihan/HelloGitHub,156373,2016-05-04T06:24:11Z,2026-04-28T00:48:03Z,Python,"awesome, github, hellogithub, python"
132464395,JavaGuide,Snailclimb/JavaGuide,Snailclimb,https://github.com/Snailclimb/JavaGuide,155602,2018-05-07T13:27:00Z,2026-05-11T20:24:44Z,Java,"agent, context-engineering, interview, java, jvm, mcp, mysql, redis, redisson, skills, spring, system, system-design"
6498492,javascript,airbnb/javascript,airbnb,https://github.com/airbnb/javascript,148118,2012-11-01T23:13:50Z,2026-04-16T19:24:09Z,JavaScript,"arrow-functions, es2015, es2016, es2017, es2018, es6, eslint, javascript, linting, naming-conventions, style-guide, style-linter, styleguide, tc39"
599320067,langflow,langflow-ai/langflow,langflow-ai,https://github.com/langflow-ai/langflow,148010,2023-02-08T22:28:03Z,2026-05-12T11:43:42Z,Python,"agents, chatgpt, generative-ai, large-language-models, multiagent, react-flow"
1024554267,hermes-agent,NousResearch/hermes-agent,NousResearch,https://github.com/NousResearch/hermes-agent,146078,2025-07-22T22:22:28Z,2026-05-12T10:20:18Z,Python,"ai, ai-agent, ai-agents, anthropic, chatgpt, claude, claude-code, clawdbot, codex, hermes, hermes-agent, llm, moltbot, nous-research, openai, openclaw"
626805178,dify,langgenius/dify,langgenius,https://github.com/langgenius/dify,141078,2023-04-12T07:40:24Z,2026-05-12T11:32:59Z,TypeScript,"agent, agentic-ai, agentic-framework, agentic-workflow, ai, automation, gemini, genai, gpt, gpt-4, llm, low-code, mcp, nextjs, no-code, openai, orchestration, python, rag, workflow"
1039520,youtube-dl,ytdl-org/youtube-dl,ytdl-org,https://github.com/ytdl-org/youtube-dl,140272,2010-10-31T14:35:07Z,2026-02-19T16:45:25Z,Python,
111583593,scrcpy,Genymobile/scrcpy,Genymobile,https://github.com/Genymobile/scrcpy,139791,2017-11-21T18:00:27Z,2026-05-12T07:45:04Z,C,"android, c, ffmpeg, libav, mirroring, recording, screen, sdl2"
62607227,tech-interview-handbook,yangshun/tech-interview-handbook,yangshun,https://github.com/yangshun/tech-interview-handbook,139486,2016-07-05T05:00:48Z,2026-04-05T23:58:25Z,TypeScript,"algorithm, algorithm-interview, algorithm-interview-questions, algorithms, behavioral-interviews, coding-interviews, interview-practice, interview-preparation, interview-questions, system-design"
70107786,next.js,vercel/next.js,vercel,https://github.com/vercel/next.js,139406,2016-10-05T23:32:51Z,2026-05-12T11:20:26Z,JavaScript,"blog, browser, compiler, components, hybrid, nextjs, node, react, server-rendering, ssg, static, static-site-generator, universal, vercel"
943398999,system-prompts-and-models-of-ai-tools,x1xhlol/system-prompts-and-models-of-ai-tools,x1xhlol,https://github.com/x1xhlol/system-prompts-and-models-of-ai-tools,137227,2025-03-05T16:38:29Z,2026-05-10T15:03:26Z,,"ai, bolt, cluely, copilot, cursor, cursorai, devin, github-copilot, lovable, open-source, perplexity, replit, system-prompts, trae, trae-ai, trae-ide, v0, vscode, windsurf, windsurf-ai"
701547123,open-webui,open-webui/open-webui,open-webui,https://github.com/open-webui/open-webui,136738,2023-10-06T22:08:27Z,2026-05-12T11:06:30Z,Python,"ai, llm, llm-ui, llm-webui, llms, mcp, ollama, ollama-webui, open-webui, openai, openapi, rag, self-hosted, ui, webui"
552661142,langchain,langchain-ai/langchain,langchain-ai,https://github.com/langchain-ai/langchain,136522,2022-10-17T02:58:36Z,2026-05-11T21:48:56Z,Python,"agents, ai, ai-agents, anthropic, chatgpt, deepagents, enterprise, framework, gemini, generative-ai, langchain, langgraph, llm, multiagent, open-source, openai, pydantic, python, rag, typescript"
23096959,go,golang/go,golang,https://github.com/golang/go,133850,2014-08-19T04:33:40Z,2026-05-11T21:41:25Z,Go,"go, golang, language, programming-language"
241576270,fucking-algorithm,labuladong/fucking-algorithm,labuladong,https://github.com/labuladong/fucking-algorithm,133424,2020-02-19T09:01:23Z,2026-02-28T10:07:31Z,Markdown,"algorithms, computer-science, data-structures, dynamic-programming, dynamic-programming-algorithm, interview-questions, kmp, leetcode"
184456251,PowerToys,microsoft/PowerToys,microsoft,https://github.com/microsoft/PowerToys,133078,2019-05-01T17:44:02Z,2026-05-12T11:42:49Z,C#,"advanced-paste, color-picker, command-palette, desktop, fancyzones, keyboard-manager, microsoft-powertoys, powerrename, powertoys, windows, windows-10, windows-11"
1061953414,skills,anthropics/skills,anthropics,https://github.com/anthropics/skills,132758,2025-09-22T15:53:31Z,2026-05-09T00:34:37Z,Python,agent-skills
112507086,30-seconds-of-code,Chalarangelo/30-seconds-of-code,Chalarangelo,https://github.com/Chalarangelo/30-seconds-of-code,127771,2017-11-29T17:35:03Z,2026-04-21T22:12:54Z,JavaScript,"astro, awesome-list, css, education, es6-javascript, git, html, javascript, learn-to-code, learning-resources, nodejs, programming, snippets"
1142983825,andrej-karpathy-skills,forrestchang/andrej-karpathy-skills,forrestchang,https://github.com/forrestchang/andrej-karpathy-skills,126336,2026-01-27T03:53:13Z,2026-04-20T10:05:04Z,,
561730219,hello-algo,krahets/hello-algo,krahets,https://github.com/krahets/hello-algo,126146,2022-11-04T11:08:34Z,2026-04-18T18:23:33Z,Java,"algo, algorithm, algorithms, book, data-structure, data-structures, data-structures-and-algorithms, dsa, education, leetcode, programming"
29028775,react-native,facebook/react-native,facebook,https://github.com/facebook/react-native,125798,2015-01-09T18:10:16Z,2026-05-12T11:46:13Z,C++,"android, app-framework, cross-platform, ios, mobile, mobile-development, react, react-native"
231283452,excalidraw,excalidraw/excalidraw,excalidraw,https://github.com/excalidraw/excalidraw,122990,2020-01-02T01:04:43Z,2026-05-11T09:36:39Z,TypeScript,"canvas, collaboration, diagrams, drawing, hacktoberfest, productivity, whiteboard"
888092115,markitdown,microsoft/markitdown,microsoft,https://github.com/microsoft/markitdown,122792,2024-11-13T19:56:40Z,2026-04-20T17:52:20Z,Python,"autogen, autogen-extension, langchain, markdown, microsoft-office, openai, pdf"
937253475,claude-code,anthropics/claude-code,anthropics,https://github.com/anthropics/claude-code,122787,2025-02-22T17:41:21Z,2026-05-11T18:43:42Z,Shell,
20580498,kubernetes,kubernetes/kubernetes,kubernetes,https://github.com/kubernetes/kubernetes,122208,2014-06-06T22:56:04Z,2026-05-11T23:42:09Z,Go,"cncf, containers, go, kubernetes"
32484381,free-for-dev,ripienaar/free-for-dev,ripienaar,https://github.com/ripienaar/free-for-dev,122193,2015-03-18T21:06:26Z,2026-05-12T04:14:40Z,HTML,"awesome-list, free-for-developers"
9384267,electron,electron/electron,electron,https://github.com/electron/electron,121243,2013-04-12T01:47:36Z,2026-05-12T07:16:04Z,C++,"c-plus-plus, chrome, css, electron, html, javascript, nodejs, v8, works-with-codespaces"
787076358,firecrawl,firecrawl/firecrawl,firecrawl,https://github.com/firecrawl/firecrawl,118672,2024-04-15T21:02:29Z,2026-05-12T07:08:39Z,TypeScript,"ai, ai-agents, ai-crawler, ai-scraping, ai-search, crawler, data-extraction, html-to-markdown, llm, markdown, scraper, scraping, web-crawler, web-data, web-data-extraction, web-scraper, web-scraping, web-search, webscraping"
721767116,clash-verge-rev,clash-verge-rev/clash-verge-rev,clash-verge-rev,https://github.com/clash-verge-rev/clash-verge-rev,117559,2023-11-21T18:24:03Z,2026-05-12T09:58:37Z,TypeScript,"clash, clash-meta, clash-verge, linux, mac, mihomo, tauri-app, windows"
27193779,node,nodejs/node,nodejs,https://github.com/nodejs/node,117165,2014-11-26T19:57:11Z,2026-05-12T09:17:58Z,JavaScript,"javascript, js, linux, macos, mit, node, nodejs, runtime, windows"
14098069,free-programming-books-zh_CN,justjavac/free-programming-books-zh_CN,justjavac,https://github.com/justjavac/free-programming-books-zh_CN,116916,2013-11-04T01:59:19Z,2024-07-15T08:55:20Z,,"android, angular, books, free, ios, javascript, kotlin, pdf, programming, python, react, react-native, swift, vue"
157616880,iptv,iptv-org/iptv,iptv-org,https://github.com/iptv-org/iptv,116164,2018-11-14T22:00:57Z,2026-05-12T00:31:13Z,TypeScript,"iptv, m3u, playlist, streams, tv"
585146387,ui,shadcn-ui/ui,shadcn-ui,https://github.com/shadcn-ui/ui,114121,2023-01-04T12:43:27Z,2026-05-12T11:16:15Z,TypeScript,"base-ui, components, laravel, nextjs, radix-ui, react, shadcn, tailwindcss, tanstack, ui, vite"
299354207,rustdesk,rustdesk/rustdesk,rustdesk,https://github.com/rustdesk/rustdesk,113991,2020-09-28T15:36:08Z,2026-05-12T08:24:50Z,Rust,"android, anydesk, dart, flatpak, flutter, flutter-apps, ios, linux, macos, p2p, rdp, remote-control, remote-desktop, rust, rust-lang, teamviewer, vnc, wayland, windows"
943149,d3,d3/d3,d3,https://github.com/d3/d3,112875,2010-09-27T17:22:42Z,2025-12-02T17:48:19Z,Shell,"chart, charts, d3, data-visualization, svg, visualization"
724712,rust,rust-lang/rust,rust-lang,https://github.com/rust-lang/rust,112726,2010-06-16T20:39:03Z,2026-05-12T10:29:30Z,Rust,"compiler, language, rust"
589831718,ComfyUI,Comfy-Org/ComfyUI,Comfy-Org,https://github.com/Comfy-Org/ComfyUI,112576,2023-01-17T03:15:56Z,2026-05-12T11:23:20Z,Python,"ai, comfy, comfyui, python, pytorch, stable-diffusion"
576201,three.js,mrdoob/three.js,mrdoob,https://github.com/mrdoob/three.js,112420,2010-03-23T18:58:01Z,2026-05-12T07:18:15Z,JavaScript,"3d, augmented-reality, canvas, html5, javascript, svg, virtual-reality, webaudio, webgl, webgl2, webgpu, webxr"
55076063,Awesome-Hacking,Hack-with-Github/Awesome-Hacking,Hack-with-Github,https://github.com/Hack-with-Github/Awesome-Hacking,112073,2016-03-30T15:47:10Z,2026-05-07T16:44:36Z,,"android, awesome, bug-bounty, fuzzing, hacking, penetration-testing, pentesting-windows, reverse-engineering, security"
655806940,generative-ai-for-beginners,microsoft/generative-ai-for-beginners,microsoft,https://github.com/microsoft/generative-ai-for-beginners,110701,2023-06-19T16:28:59Z,2026-05-08T09:59:03Z,Jupyter Notebook,"ai, azure, chatgpt, dall-e, generative-ai, generativeai, gpt, language-model, llms, microsoft-for-beginners, openai, prompt-engineering, semantic-search, transformers"
15634981,godot,godotengine/godot,godotengine,https://github.com/godotengine/godot,110606,2014-01-04T16:05:36Z,2026-05-11T22:14:55Z,C++,"game-development, game-engine, gamedev, godot, godotengine, multi-platform, open-source"
793375104,awesome-llm-apps,Shubhamsaboo/awesome-llm-apps,Shubhamsaboo,https://github.com/Shubhamsaboo/awesome-llm-apps,109914,2024-04-29T05:30:25Z,2026-05-09T20:59:06Z,Python,"agents, llms, python, rag"
612354784,llama.cpp,ggml-org/llama.cpp,ggml-org,https://github.com/ggml-org/llama.cpp,109695,2023-03-10T18:58:00Z,2026-05-12T10:15:35Z,C++,ggml
23088740,axios,axios/axios,axios,https://github.com/axios/axios,109050,2014-08-18T22:30:27Z,2026-05-11T06:12:30Z,JavaScript,"hacktoberfest, http-client, javascript, nodejs, promise"
20929025,TypeScript,microsoft/TypeScript,microsoft,https://github.com/microsoft/TypeScript,108821,2014-06-17T15:28:39Z,2026-05-08T19:39:23Z,TypeScript,"javascript, language, typechecker, typescript"
206462776,GitHub-Chinese-Top-Charts,GrowingGit/GitHub-Chinese-Top-Charts,GrowingGit,https://github.com/GrowingGit/GitHub-Chinese-Top-Charts,107917,2019-09-05T03:01:56Z,2024-10-12T06:51:36Z,Java,
133442384,deno,denoland/deno,denoland,https://github.com/denoland/deno,106650,2018-05-15T01:34:26Z,2026-05-12T11:28:15Z,Rust,"deno, javascript, rust, typescript"
196701619,tauri,tauri-apps/tauri,tauri-apps,https://github.com/tauri-apps/tauri,106522,2019-07-13T09:09:37Z,2026-05-12T03:23:13Z,Rust,"desktop-app, high-performance, mobile-app, native-app, rust, web-frontend, webview"
48378947,frp,fatedier/frp,fatedier,https://github.com/fatedier/frp,106445,2015-12-21T15:24:59Z,2026-05-12T03:13:50Z,Go,"expose, firewall, frp, go, http-proxy, nat, p2p, proxy, reverse-proxy, tunnel"
15204860,papers-we-love,papers-we-love/papers-we-love,papers-we-love,https://github.com/papers-we-love/papers-we-love,106103,2013-12-15T14:31:41Z,2026-05-07T17:58:57Z,Shell,"awesome, computer-science, meetup, papers, programming, read-papers, theory"
199570071,v2rayN,2dust/v2rayN,2dust,https://github.com/2dust/v2rayN,105325,2019-07-30T03:47:24Z,2026-05-12T01:41:35Z,C#,"proxy, shadowsocks, socks5, trojan, v2fly, v2ray, vless, vmess, windows, xray, xtls"
103633984,nodebestpractices,goldbergyoni/nodebestpractices,goldbergyoni,https://github.com/goldbergyoni/nodebestpractices,105259,2017-09-15T08:33:19Z,2025-04-15T21:52:42Z,Dockerfile,"best-practices, es6, eslint, express, expressjs, javascript, jest, microservices, mocha, node-js, nodejs, nodejs-development, npm, rest, style-guide, styleguide, testing, types"
63539055,awesome-mac,jaywcjlove/awesome-mac,jaywcjlove,https://github.com/jaywcjlove/awesome-mac,103896,2016-07-17T15:33:47Z,2026-05-10T14:06:54Z,Swift,"app, apple, application, apps, awesome, awesome-list, awesome-lists, awesome-mac, desktop-app, desktop-application, desktop-apps, list, mac, mac-osx, macos, macos-app, macos-apps, macosx, software"
968197216,gemini-cli,google-gemini/gemini-cli,google-gemini,https://github.com/google-gemini/gemini-cli,103764,2025-04-17T17:04:31Z,2026-05-12T04:18:37Z,TypeScript,"ai, ai-agents, cli, gemini, gemini-api, mcp-client, mcp-server"
908531752,DeepSeek-V3,deepseek-ai/DeepSeek-V3,deepseek-ai,https://github.com/deepseek-ai/DeepSeek-V3,103472,2024-12-26T09:52:40Z,2025-08-28T03:24:37Z,Python,
63537249,create-react-app,facebook/create-react-app,facebook,https://github.com/facebook/create-react-app,103390,2016-07-17T14:55:11Z,2025-02-15T01:32:11Z,JavaScript,"build-tools, react, zero-configuration"
100060912,terminal,microsoft/terminal,microsoft,https://github.com/microsoft/terminal,103127,2017-08-11T18:38:22Z,2026-05-12T04:08:41Z,C++,"cmd, command-line, console, contributions-welcome, good-first-issue, hacktoberfest, terminal, windows, windows-console, windows-terminal, wsl"
214587193,supabase,supabase/supabase,supabase,https://github.com/supabase/supabase,102212,2019-10-12T05:56:49Z,2026-05-12T11:38:14Z,TypeScript,"ai, alternative, auth, database, deno, embeddings, example, firebase, nextjs, oauth2, pgvector, postgis, postgres, postgresql, postgrest, realtime, supabase, vectors, websockets"
455229168,immich,immich-app/immich,immich-app,https://github.com/immich-app/immich,100363,2022-02-03T15:56:27Z,2026-05-12T11:14:21Z,TypeScript,"backup-tool, flutter, google-photos, google-photos-alternative, javascript, mobile-app, nestjs, nodejs, photo-gallery, photos, photos-management, self-hosted, svelte, sveltekit, typescript, videos"
24195339,angular,angular/angular,angular,https://github.com/angular/angular,100086,2014-09-18T16:12:01Z,2026-05-12T01:29:57Z,TypeScript,"angular, javascript, pwa, typescript, web, web-framework, web-performance"
243950408,HowToCook,Anduin2017/HowToCook,Anduin2017,https://github.com/Anduin2017/HowToCook,99892,2020-02-29T10:43:49Z,2026-05-12T06:54:46Z,,"chinese, cookbook, cooking, dishes, recipes"
65600975,pytorch,pytorch/pytorch,pytorch,https://github.com/pytorch/pytorch,99849,2016-08-13T05:26:41Z,2026-05-12T11:47:27Z,Python,"autograd, deep-learning, gpu, machine-learning, neural-network, numpy, python, tensor"
16408992,neovim,neovim/neovim,neovim,https://github.com/neovim/neovim,99588,2014-01-31T13:39:22Z,2026-05-12T09:00:27Z,Vim Script,"api, c, lua, neovim, nvim, text-editor, vim"
537603333,whisper,openai/whisper,openai,https://github.com/openai/whisper,99351,2022-09-16T20:02:54Z,2026-04-15T16:32:15Z,Python,
101296881,every-programmer-should-know,mtdvio/every-programmer-should-know,mtdvio,https://github.com/mtdvio/every-programmer-should-know,98921,2017-08-24T13:18:26Z,2025-12-29T19:37:02Z,,"cc-by, collection, computer-science, educational, novice"
23083156,material-ui,mui/material-ui,mui,https://github.com/mui/material-ui,98320,2014-08-18T19:11:54Z,2026-05-12T09:06:38Z,JavaScript,"design-system, material-design, material-ui, react, react-components"
160919119,fastapi,fastapi/fastapi,fastapi,https://github.com/fastapi/fastapi,98119,2018-12-08T08:21:47Z,2026-05-11T17:21:41Z,Python,"api, async, asyncio, fastapi, framework, json, json-schema, openapi, openapi3, pydantic, python, python-types, python3, redoc, rest, starlette, swagger, swagger-ui, uvicorn, web"
34526884,ant-design,ant-design/ant-design,ant-design,https://github.com/ant-design/ant-design,98001,2015-04-24T15:37:24Z,2026-05-12T09:51:26Z,TypeScript,"ant-design, antd, design-systems, react, typescript, ui-kit, ui-library"
33614304,thefuck,nvbn/thefuck,nvbn,https://github.com/nvbn/thefuck,96893,2015-04-08T15:08:04Z,2024-07-19T14:56:13Z,Python,"python, shell"
1042367133,spec-kit,github/spec-kit,github,https://github.com/github/spec-kit,96674,2025-08-21T22:54:31Z,2026-05-11T20:48:54Z,Python,"ai, copilot, development, engineering, prd, spec, spec-driven"
1075372545,agency-agents,msitarzewski/agency-agents,msitarzewski,https://github.com/msitarzewski/agency-agents,96324,2025-10-13T12:12:29Z,2026-04-12T04:25:59Z,Shell,
311525798,Web-Dev-For-Beginners,microsoft/Web-Dev-For-Beginners,microsoft,https://github.com/microsoft/Web-Dev-For-Beginners,95747,2020-11-10T02:44:00Z,2026-05-09T01:28:07Z,JavaScript,"css, curriculum, education, html, javascript, learning, microsoft-for-beginners, tutorials"
106017343,tailwindcss,tailwindlabs/tailwindcss,tailwindlabs,https://github.com/tailwindlabs/tailwindcss,94957,2017-10-06T14:59:14Z,2026-05-12T09:20:05Z,TypeScript,"css, css-framework, functional-css, postcss, responsive, tailwindcss, utility-classes"
74791366,clean-code-javascript,ryanmcdermott/clean-code-javascript,ryanmcdermott,https://github.com/ryanmcdermott/clean-code-javascript,94323,2016-11-25T22:25:41Z,2024-07-29T07:24:37Z,JavaScript,"best-practices, clean-architecture, clean-code, composition, inheritance, javascript, principles"
90796663,puppeteer,puppeteer/puppeteer,puppeteer,https://github.com/puppeteer/puppeteer,94301,2017-05-09T22:16:13Z,2026-05-12T09:45:18Z,TypeScript,"automation, chrome, chromium, developer-tools, firefox, headless-chrome, node-module, testing, web"
1179264259,gstack,garrytan/gstack,garrytan,https://github.com/garrytan/gstack,94270,2026-03-11T21:22:45Z,2026-05-12T06:25:46Z,TypeScript,
22790488,java-design-patterns,iluwatar/java-design-patterns,iluwatar,https://github.com/iluwatar/java-design-patterns,93984,2014-08-09T16:45:18Z,2026-05-08T14:26:45Z,Java,"awesome-list, design-patterns, hacktoberfest, java, principles, snippets, snippets-collection, snippets-library"
172562475,app-ideas,florinpop17/app-ideas,florinpop17,https://github.com/florinpop17/app-ideas,93845,2019-02-25T18:36:56Z,2025-10-11T14:51:21Z,,"applications, coding, codingchallenges, css, hacktoberfest, html, ideas, javascript, practice"
881458615,browser-use,browser-use/browser-use,browser-use,https://github.com/browser-use/browser-use,93533,2024-10-31T16:00:56Z,2026-05-11T19:59:56Z,Python,"ai-agents, ai-tools, browser-automation, browser-use, llm, playwright, python"
669879380,LLMs-from-scratch,rasbt/LLMs-from-scratch,rasbt,https://github.com/rasbt/LLMs-from-scratch,93366,2023-07-23T18:15:57Z,2026-05-11T14:14:00Z,Jupyter Notebook,"ai, artificial-intelligence, chatbot, chatgpt, deep-learning, from-scratch, generative-ai, gpt, language-model, large-language-models, llm, machine-learning, neural-networks, python, pytorch, transformers"
612230,nvm,nvm-sh/nvm,nvm-sh,https://github.com/nvm-sh/nvm,93339,2010-04-15T17:47:47Z,2026-05-07T21:24:47Z,Shell,"bash, install, lts, node, node-js, nodejs, nvm, nvmrc, posix, posix-compliant, shell, version-manager, zsh"
695864515,Deep-Live-Cam,hacksider/Deep-Live-Cam,hacksider,https://github.com/hacksider/Deep-Live-Cam,92932,2023-09-24T13:19:31Z,2026-05-08T02:20:56Z,Python,"ai, ai-deep-fake, ai-face, ai-webcam, artificial-intelligence, deep-fake, deepfake, deepfake-webcam, faceswap, fake-webcam, gan, real-time-deepfake, realtime, realtime-deepfake, realtime-face-changer, video-deepfake, webcam, webcamera"
919443098,DeepSeek-R1,deepseek-ai/DeepSeek-R1,deepseek-ai,https://github.com/deepseek-ai/DeepSeek-R1,92008,2025-01-20T11:57:28Z,2025-06-27T08:35:54Z,,
152870372,weekly,ruanyf/weekly,ruanyf,https://github.com/ruanyf/weekly,90866,2018-10-13T12:36:07Z,2026-05-08T00:03:12Z,,
88464704,vue-element-admin,PanJiaChen/vue-element-admin,PanJiaChen,https://github.com/PanJiaChen/vue-element-admin,90270,2017-04-17T03:35:49Z,2024-10-24T11:25:46Z,Vue,"admin, admin-dashboard, admin-template, axios, dashboard, desktop, element, element-ui, i18n, management-system, mock, tinymce, vue, vue-admin, vue-cli, vuex, webpack, webpack4, xlsx"
357728969,bun,oven-sh/bun,oven-sh,https://github.com/oven-sh/bun,89919,2021-04-14T00:48:17Z,2026-05-12T11:40:34Z,Zig,"bun, bundler, javascript, javascriptcore, jsx, nodejs, npm, react, transpiler, typescript, zig, ziglang"
54173593,storybook,storybookjs/storybook,storybookjs,https://github.com/storybookjs/storybook,89889,2016-03-18T04:23:44Z,2026-05-12T11:42:32Z,TypeScript,"angular, components, design-systems, documentation, html, javascript, react, react-native, stories, storybook, styleguide, svelte, testing, typescript, ui, vite, vue, web-components, webpack, workshop"
1181927,bitcoin,bitcoin/bitcoin,bitcoin,https://github.com/bitcoin/bitcoin,89061,2010-12-19T15:16:43Z,2026-05-11T22:29:58Z,C++,"bitcoin, c-plus-plus, cryptocurrency, cryptography, p2p"
221981891,playwright,microsoft/playwright,microsoft,https://github.com/microsoft/playwright,88510,2019-11-15T18:32:42Z,2026-05-11T21:55:38Z,TypeScript,"automation, chrome, chromium, e2e-testing, electron, end-to-end-testing, firefox, javascript, playwright, test, test-automation, testing, testing-tools, web, webkit"
20904437,gin,gin-gonic/gin,gin-gonic,https://github.com/gin-gonic/gin,88481,2014-06-16T23:57:25Z,2026-05-09T02:20:34Z,Go,"framework, gin, go, middleware, performance, router, server"
11180687,hugo,gohugoio/hugo,gohugoio,https://github.com/gohugoio/hugo,88029,2013-07-04T15:26:26Z,2026-05-11T11:11:37Z,Go,"blog-engine, cms, content-management-system, documentation-tool, go, hugo, static-site-generator"
26066727,mermaid,mermaid-js/mermaid,mermaid-js,https://github.com/mermaid-js/mermaid,88003,2014-11-01T23:52:32Z,2026-05-12T11:09:10Z,TypeScript,"diagrams, diagrams-as-code, documentation, flowchart, javascript, mindmap, typescript, uml-diagrams"
612344730,NextChat,ChatGPTNextWeb/NextChat,ChatGPTNextWeb,https://github.com/ChatGPTNextWeb/NextChat,87974,2023-03-10T18:27:54Z,2025-12-02T17:05:02Z,TypeScript,"calclaude, chatgpt, claude, cross-platform, desktop, fe, gemini, gemini-pro, gemini-server, gemini-ultra, gpt-4o, groq, nextjs, ollama, react, tauri, tauri-app, vercel, webui"
4164482,django,django/django,django,https://github.com/django/django,87468,2012-04-28T02:47:18Z,2026-05-12T05:56:30Z,Python,"apps, django, framework, models, orm, python, templates, views, web"
5108051,opencv,opencv/opencv,opencv,https://github.com/opencv/opencv,87440,2012-07-19T09:40:17Z,2026-05-12T11:45:02Z,C++,"c-plus-plus, computer-vision, deep-learning, image-processing, opencv"
12888993,core,home-assistant/core,home-assistant,https://github.com/home-assistant/core,87025,2013-09-17T07:29:48Z,2026-05-12T11:40:40Z,Python,"asyncio, hacktoberfest, home-automation, internet-of-things, iot, mqtt, python, raspberry-pi"
32689863,manim,3b1b/manim,3b1b,https://github.com/3b1b/manim,86759,2015-03-22T18:50:58Z,2026-04-18T13:59:18Z,Python,"3b1b-videos, animation, explanatory-math-videos, python"
896335270,awesome-mcp-servers,punkpeye/awesome-mcp-servers,punkpeye,https://github.com/punkpeye/awesome-mcp-servers,86758,2024-11-30T04:49:10Z,2026-05-02T16:08:17Z,,"ai, mcp"
382496361,uptime-kuma,louislam/uptime-kuma,louislam,https://github.com/louislam/uptime-kuma,86587,2021-07-03T01:02:42Z,2026-05-12T00:21:20Z,JavaScript,"docker, monitor, monitoring, responsive, self-hosted, selfhosted, single-page-app, socket-io, uptime, uptime-monitoring, webapp, websocket"
74293321,svelte,sveltejs/svelte,sveltejs,https://github.com/sveltejs/svelte,86549,2016-11-20T18:13:05Z,2026-05-11T09:23:28Z,JavaScript,"compiler, template, ui"
343965132,ML-For-Beginners,microsoft/ML-For-Beginners,microsoft,https://github.com/microsoft/ML-For-Beginners,85743,2021-03-03T01:34:05Z,2026-05-08T23:43:14Z,Jupyter Notebook,"data-science, education, machine-learning, machine-learning-algorithms, machinelearning, machinelearning-python, microsoft-for-beginners, ml, python, r, scikit-learn, scikit-learn-python"
44882201,awesome-for-beginners,MunGell/awesome-for-beginners,MunGell,https://github.com/MunGell/awesome-for-beginners,85505,2015-10-24T19:53:36Z,2026-04-20T17:42:26Z,,"awesome, awesome-list, beginner-project, beginners-friendly, list"
890668799,servers,modelcontextprotocol/servers,modelcontextprotocol,https://github.com/modelcontextprotocol/servers,85502,2024-11-19T01:10:17Z,2026-04-17T22:59:54Z,TypeScript,
699532645,uv,astral-sh/uv,astral-sh,https://github.com/astral-sh/uv,84776,2023-10-02T20:24:11Z,2026-05-12T10:49:21Z,Rust,"packaging, python, resolver, uv"
1863329,laravel,laravel/laravel,laravel,https://github.com/laravel/laravel,84237,2011-06-08T03:06:08Z,2026-05-11T19:06:23Z,Blade,"framework, laravel, php"
14712850,syncthing,syncthing/syncthing,syncthing,https://github.com/syncthing/syncthing,83913,2013-11-26T09:48:21Z,2026-05-12T06:34:24Z,Go,"go, p2p, peer-to-peer, synchronization"
127988011,mall,macrozheng/mall,macrozheng,https://github.com/macrozheng/mall,83587,2018-04-04T01:11:44Z,2026-03-06T07:30:02Z,Java,"docker, elasticsearch, elk, java, mongodb, mybatis, mysql, rabbitmq, redis, spring, spring-boot, spring-cloud, spring-security, springboot, springcloud, swagger-ui"
52631841,realworld,realworld-apps/realworld,realworld-apps,https://github.com/realworld-apps/realworld,83426,2016-02-26T20:49:53Z,2026-05-11T21:56:32Z,TypeScript,
162998479,sherlock,sherlock-project/sherlock,sherlock-project,https://github.com/sherlock-project/sherlock,83240,2018-12-24T14:30:48Z,2026-05-12T06:06:36Z,Python,"cli, cti, cybersecurity, forensics, hacktoberfest, information-gathering, infosec, linux, osint, pentesting, python, python3, reconnaissance, redteam, sherlock, tools"
693342566,system-design-101,ByteByteGoHq/system-design-101,ByteByteGoHq,https://github.com/ByteByteGoHq/system-design-101,82588,2023-09-18T20:52:03Z,2025-04-04T17:30:30Z,,"aws, cloud-computing, coding-interviews, computer-science, interview-questions, software-architecture, software-development, software-engineering, system-design, system-design-interview"
340547520,zed,zed-industries/zed,zed-industries,https://github.com/zed-industries/zed,82550,2021-02-20T03:01:06Z,2026-05-12T10:42:29Z,Rust,"gpui, rust-lang, text-editor, zed"
2561582,animate.css,animate-css/animate.css,animate-css,https://github.com/animate-css/animate.css,82520,2011-10-12T10:07:38Z,2024-07-29T19:34:21Z,CSS,"animation, css, css-animations, stylesheets"
47018239,awesome-interview-questions,DopplerHQ/awesome-interview-questions,DopplerHQ,https://github.com/DopplerHQ/awesome-interview-questions,82497,2015-11-28T09:48:17Z,2024-07-29T14:21:23Z,,"android-interview-questions, angularjs-interview-questions, awesome, awesome-list, awesomeness, interview-practice, interview-questions, interviewing, javascript, javascript-interview-questions, list, python-interview-questions, rails-interview, ruby"
212639071,devops-exercises,bregman-arie/devops-exercises,bregman-arie,https://github.com/bregman-arie/devops-exercises,82284,2019-10-03T17:31:21Z,2025-12-27T14:22:30Z,Python,"ansible, aws, azure, coding, containers, devops, docker, git, interview, interview-questions, kubernetes, linux, openstack, production-engineer, prometheus, python, sql, sre, terraform"
965415649,codex,openai/codex,openai,https://github.com/openai/codex,82046,2025-04-13T05:37:54Z,2026-05-12T11:31:06Z,Rust,
26500787,FiraCode,tonsky/FiraCode,tonsky,https://github.com/tonsky/FiraCode,81593,2014-11-11T19:32:38Z,2026-04-13T22:52:26Z,Clojure,"font, ligatures, programming-ligatures"
71583602,cs-video-courses,Developer-Y/cs-video-courses,Developer-Y,https://github.com/Developer-Y/cs-video-courses,81130,2016-10-21T17:02:11Z,2026-05-10T19:22:40Z,,"algorithms, bioinformatics, computational-biology, computational-physics, computer-architecture, computer-science, computer-vision, database-systems, databases, deep-learning, embedded-systems, machine-learning, quantum-computing, reinforcement-learning, robotics, security, systems, web-development"
578822531,localsend,localsend/localsend,localsend,https://github.com/localsend/localsend,81105,2022-12-16T00:46:07Z,2026-04-30T10:06:01Z,Dart,"dart, file-sharing, flutter, flutter-apps"
6296790,spring-boot,spring-projects/spring-boot,spring-projects,https://github.com/spring-projects/spring-boot,80618,2012-10-19T15:02:57Z,2026-05-11T10:01:31Z,Java,"framework, java, spring, spring-boot"
1174820787,autoresearch,karpathy/autoresearch,karpathy,https://github.com/karpathy/autoresearch,80602,2026-03-06T22:00:43Z,2026-03-26T00:07:37Z,Python,
145553672,funNLP,fighting41love/funNLP,fighting41love,https://github.com/fighting41love/funNLP,80592,2018-08-21T11:20:39Z,2024-05-10T07:38:24Z,Python,
257485422,vite,vitejs/vite,vitejs,https://github.com/vitejs/vite,80554,2020-04-21T05:03:57Z,2026-05-12T09:36:21Z,TypeScript,"build-tool, dev-server, frontend, hmr, vite"
730534580,ragflow,infiniflow/ragflow,infiniflow,https://github.com/infiniflow/ragflow,80326,2023-12-12T06:13:13Z,2026-05-12T11:44:01Z,Python,"agentic-ai, agentic-retrieval, agentic-search, ai, ai-agents, context-engine, context-management, llm-apps, rag, retrieval-augmented-generation"
13807606,fzf,junegunn/fzf,junegunn,https://github.com/junegunn/fzf,80180,2013-10-23T16:04:23Z,2026-05-11T21:30:28Z,Go,"bash, cli, fish, fzf, go, neovim, tmux, unix, vim, zsh"
599547518,vllm,vllm-project/vllm,vllm-project,https://github.com/vllm-project/vllm,79762,2023-02-09T11:23:20Z,2026-05-12T11:47:38Z,Python,"amd, blackwell, cuda, deepseek, deepseek-v3, gpt, gpt-oss, inference, kimi, llama, llm, llm-serving, model-serving, moe, openai, pytorch, qwen, qwen3, tpu, transformer"
278335273,github-readme-stats,anuraghazra/github-readme-stats,anuraghazra,https://github.com/anuraghazra/github-readme-stats,79392,2020-07-09T10:34:22Z,2026-03-31T00:50:07Z,JavaScript,"dynamic, profile-readme, readme-generator, readme-stats, serverless"
655099582,llm-course,mlabonne/llm-course,mlabonne,https://github.com/mlabonne/llm-course,79233,2023-06-17T22:16:25Z,2026-02-05T13:09:26Z,,"course, large-language-models, llm, machine-learning, roadmap"
203587744,hoppscotch,hoppscotch/hoppscotch,hoppscotch,https://github.com/hoppscotch/hoppscotch,79162,2019-08-21T13:15:24Z,2026-05-12T11:41:58Z,TypeScript,"api, api-client, api-rest, api-testing, developer-tools, graphql, http, http-client, pwa, rest, rest-api, spa, testing, testing-tools, tools, vue, vuejs, websocket"
151834062,advanced-java,doocs/advanced-java,doocs,https://github.com/doocs/advanced-java,78978,2018-10-06T11:38:30Z,2026-05-03T00:58:42Z,Java,"advanced-java, distributed-search-engine, distributed-systems, doocs, dubbo, elasticsearch, eureka, feign, high-availability, high-concurrency, hystrix, java, message-queue, microservices-architecture, redis, ribbon, rpc, spring-cloud, springcloud-config, zookeeper"
10744183,netdata,netdata/netdata,netdata,https://github.com/netdata/netdata,78779,2013-06-17T18:39:10Z,2026-05-12T07:42:58Z,C,"ai, alerting, cncf, data-visualization, database, devops, docker, grafana, influxdb, kubernetes, linux, machine-learning, mcp, mongodb, monitoring, mysql, netdata, observability, postgresql, prometheus"
594155488,Stirling-PDF,Stirling-Tools/Stirling-PDF,Stirling-Tools,https://github.com/Stirling-Tools/Stirling-PDF,78619,2023-01-27T18:22:42Z,2026-05-12T05:47:16Z,TypeScript,"docker, hacktoberfest, java, pdf, pdf-converter, pdf-editor, pdf-manipulation, pdf-merger, pdf-ocr, pdf-tools, pdf-web-apps, pdfmerger, self-hosted"
134017286,lazygit,jesseduffield/lazygit,jesseduffield,https://github.com/jesseduffield/lazygit,77820,2018-05-19T00:53:06Z,2026-05-11T14:28:57Z,Go,"cli, git, terminal"
101138315,d2l-zh,d2l-ai/d2l-zh,d2l-ai,https://github.com/d2l-ai/d2l-zh,77799,2017-08-23T04:40:24Z,2024-07-30T09:32:19Z,Python,"book, chinese, computer-vision, deep-learning, machine-learning, natural-language-processing, notebook, python"
262296122,PaddleOCR,PaddlePaddle/PaddleOCR,PaddlePaddle,https://github.com/PaddlePaddle/PaddleOCR,77669,2020-05-08T10:38:16Z,2026-05-12T03:07:24Z,Python,"ai4science, chineseocr, document-parsing, document-translation, kie, ocr, paddleocr-vl, pdf-extractor-rag, pdf-parser, pdf2markdown, pp-ocr, pp-structure, rag"
51117837,models,tensorflow/models,tensorflow,https://github.com/tensorflow/models,77660,2016-02-05T01:15:20Z,2026-05-11T21:36:31Z,Python,
71220757,PayloadsAllTheThings,swisskyrepo/PayloadsAllTheThings,swisskyrepo,https://github.com/swisskyrepo/PayloadsAllTheThings,77648,2016-10-18T07:29:07Z,2026-04-22T14:05:32Z,Python,"bounty, bugbounty, bypass, cheatsheet, enumeration, hacking, hacktoberfest, methodology, payload, payloads, penetration-testing, pentest, privilege-escalation, redteam, security, vulnerability, web-application"
172953845,code-server,coder/code-server,coder,https://github.com/coder/code-server,77511,2019-02-27T16:50:41Z,2026-05-08T21:16:52Z,TypeScript,"browser-ide, dev-tools, development-environment, ide, remote-work, vscode, vscode-remote"
619959033,gpt4all,nomic-ai/gpt4all,nomic-ai,https://github.com/nomic-ai/gpt4all,77366,2023-03-27T18:49:32Z,2025-05-27T20:05:19Z,C++,"ai-chat, llm-inference"
1106996539,ui-ux-pro-max-skill,nextlevelbuilder/ui-ux-pro-max-skill,nextlevelbuilder,https://github.com/nextlevelbuilder/ui-ux-pro-max-skill,77309,2025-11-30T11:36:31Z,2026-04-03T05:08:19Z,Python,"ai-skills, antigravity, claude, claude-code, codex, command-line, copilot, cursor-ai, html5, kiro, landing-page, mobile-ui, qoder, react, tailwindcss, trae, ui-design, uikit, windsurf-ai"
643445235,lobehub,lobehub/lobehub,lobehub,https://github.com/lobehub/lobehub,76909,2023-05-21T07:19:12Z,2026-05-12T11:43:28Z,TypeScript,"agent, agent-collaboration, agent-harness, ai, chatgpt, claude, deepseek, gemini, gpt, knowledge-base, mcp, openai"
507775,elasticsearch,elastic/elasticsearch,elastic,https://github.com/elastic/elasticsearch,76683,2010-02-08T13:20:56Z,2026-05-12T11:46:44Z,Java,"elasticsearch, java, search-engine"
160640094,LeetCodeAnimation,MisterBooo/LeetCodeAnimation,MisterBooo,https://github.com/MisterBooo/LeetCodeAnimation,76624,2018-12-06T08:01:22Z,2023-08-14T12:14:01Z,Java,"animation, leetcode, leetcode-c, leetcode-java, leetcode-solutions"
3470471,Font-Awesome,FortAwesome/Font-Awesome,FortAwesome,https://github.com/FortAwesome/Font-Awesome,76589,2012-02-17T14:19:43Z,2026-02-10T18:21:21Z,JavaScript,"css, font, fontawesome, icons, svg-icons, svg-sprites, webfont"
246335987,Ventoy,ventoy/Ventoy,ventoy,https://github.com/ventoy/Ventoy,76577,2020-03-10T15:19:19Z,2026-05-07T03:18:40Z,C,"arm64, auto-install, bootable-usb, bsd, chromeos, iso-files, legacy, linux, multiboot, persistence, secure-boot, uefi, unattended, unix, usb, windows, x86, x86-64"
1197515131,awesome-design-md,VoltAgent/awesome-design-md,VoltAgent,https://github.com/VoltAgent/awesome-design-md,76152,2026-03-31T16:37:01Z,2026-05-11T13:33:06Z,,"awesome-list, design-md, design-system, design-tokens, figma, google-stitch, landing-page, vibe-coding, vibe-design"
83999700,Best-websites-a-programmer-should-visit,sdmg15/Best-websites-a-programmer-should-visit,sdmg15,https://github.com/sdmg15/Best-websites-a-programmer-should-visit,76050,2017-03-05T20:25:17Z,2025-09-16T18:34:24Z,,"books, cs, hacktoberfest, links, programmer, sites"
14747598,json-server,typicode/json-server,typicode,https://github.com/typicode/json-server,75559,2013-11-27T13:21:13Z,2026-03-23T19:40:00Z,JavaScript,"api, fake, frontend, json, mock, rest, test"
80945428,nest,nestjs/nest,nestjs,https://github.com/nestjs/nest,75466,2017-02-04T20:12:52Z,2026-05-12T10:49:29Z,TypeScript,"framework, hacktoberfest, javascript, javascript-framework, microservices, nest, nestjs, node, nodejs, nodejs-framework, typescript, typescript-framework, websockets"
26898879,awesome-public-datasets,awesomedata/awesome-public-datasets,awesomedata,https://github.com/awesomedata/awesome-public-datasets,75322,2014-11-20T06:20:50Z,2026-05-11T21:41:04Z,,"aaron-swartz, awesome-public-datasets, datasets, opendata"
1048065319,claude-mem,thedotmack/claude-mem,thedotmack,https://github.com/thedotmack/claude-mem,75079,2025-08-31T20:50:03Z,2026-05-12T01:44:21Z,TypeScript,"ai, ai-agents, ai-memory, anthropic, artificial-intelligence, chromadb, claude, claude-agent-sdk, claude-agents, claude-code, claude-code-plugin, claude-skills, embeddings, long-term-memory, mem0, memory-engine, openmemory, rag, sqlite, supermemory"
579082810,Prompt-Engineering-Guide,dair-ai/Prompt-Engineering-Guide,dair-ai,https://github.com/dair-ai/Prompt-Engineering-Guide,74469,2022-12-16T16:04:50Z,2026-03-11T20:09:13Z,MDX,"agent, agents, ai-agents, chatgpt, deep-learning, generative-ai, language-model, llms, openai, prompt-engineering, rag"
1148788086,skills,mattpocock/skills,mattpocock,https://github.com/mattpocock/skills,74443,2026-02-03T11:15:53Z,2026-05-12T07:36:22Z,Shell,
156018,redis,redis/redis,redis,https://github.com/redis/redis,74300,2009-03-21T22:32:25Z,2026-05-12T09:07:16Z,C,"cache, caching, database, distributed-systems, in-memory, in-memory-database, json, key-value, key-value-store, message-broker, message-queue, no-sql, nosql, open-source, real-time, realtime, redis, time-series, vector-databases, vector-search"
909213664,TradingAgents,TauricResearch/TradingAgents,TauricResearch,https://github.com/TauricResearch/TradingAgents,74140,2024-12-28T03:31:08Z,2026-05-11T09:27:38Z,Python,"agent, finance, llm, multiagent, trading"
641656392,union,unionlabs/union,unionlabs,https://github.com/unionlabs/union,74098,2023-05-16T22:33:39Z,2026-05-12T09:57:03Z,Rust,"astro, blockchain, cosmos, cosmwasm, ethereum, evm, golang, indexer, interoperability, move, nix, prover, relayer, rust, solidity, svelte, typescipt, typescript, zero-knowledge"
22887094,tesseract,tesseract-ocr/tesseract,tesseract-ocr,https://github.com/tesseract-ocr/tesseract,74041,2014-08-12T18:04:59Z,2026-04-27T05:53:42Z,C++,"hacktoberfest, lstm, machine-learning, ocr, ocr-engine, tesseract, tesseract-ocr"
254832799,hackingtool,Z4nzu/hackingtool,Z4nzu,https://github.com/Z4nzu/hackingtool,73791,2020-04-11T09:21:31Z,2026-03-15T14:33:08Z,Python,"allinonehackingtool, besthackingtool, ctf-tools, ddos-attack-tool, hacker, hacking, linux, password-attack, steganography, web-attack, wireless-attack, xss-attacks, xss-detection"
15111821,grafana,grafana/grafana,grafana,https://github.com/grafana/grafana,73687,2013-12-11T15:59:56Z,2026-05-12T11:47:34Z,TypeScript,"alerting, analytics, business-intelligence, dashboard, data-visualization, elasticsearch, go, grafana, hacktoberfest, influxdb, metrics, monitoring, mysql, postgres, prometheus"
44571718,awesome-vue,vuejs/awesome-vue,vuejs,https://github.com/vuejs/awesome-vue,73592,2015-10-20T00:16:14Z,2026-05-12T06:08:05Z,,
468576060,openai-cookbook,openai/openai-cookbook,openai,https://github.com/openai/openai-cookbook,73465,2022-03-11T02:08:53Z,2026-05-12T08:25:12Z,Jupyter Notebook,"chatgpt, gpt-4, openai, openai-api"
22670857,awesome-react,enaqx/awesome-react,enaqx,https://github.com/enaqx/awesome-react,73240,2014-08-06T05:31:44Z,2026-03-27T01:20:52Z,,"awesome, awesome-list, javascript, react, react-apps, react-native, react-tutorial, samples, tutorial, typescript"
771302083,OpenHands,OpenHands/OpenHands,OpenHands,https://github.com/OpenHands/OpenHands,73234,2024-03-13T03:33:31Z,2026-05-12T10:43:01Z,Python,"agent, artificial-intelligence, chatgpt, claude-ai, cli, developer-tools, gpt, llm, openai"
22067521,imgui,ocornut/imgui,ocornut,https://github.com/ocornut/imgui,73150,2014-07-21T14:29:47Z,2026-05-11T17:03:08Z,C++,"api, cplusplus, framework, game-development, game-engine, gamedev, gui, imgui, immediate-gui, library, multi-platform, native, toolkit, tools, ui"
619859161,the-algorithm,twitter/the-algorithm,twitter,https://github.com/twitter/the-algorithm,73121,2023-03-27T14:57:57Z,2025-09-08T18:40:54Z,Scala,
523379232,stable-diffusion,CompVis/stable-diffusion,CompVis,https://github.com/CompVis/stable-diffusion,72989,2022-08-10T14:36:44Z,2024-06-18T01:53:49Z,Jupyter Notebook,
39464018,superset,apache/superset,apache,https://github.com/apache/superset,72798,2015-07-21T18:55:34Z,2026-05-12T06:38:10Z,TypeScript,"analytics, apache, apache-superset, asf, bi, business-analytics, business-intelligence, data-analysis, data-analytics, data-engineering, data-science, data-visualization, data-viz, flask, python, react, sql-editor, superset"
419347358,cs-self-learning,PKUFlyingPig/cs-self-learning,PKUFlyingPig,https://github.com/PKUFlyingPig/cs-self-learning,72723,2021-10-20T13:43:42Z,2026-02-24T14:45:49Z,HTML,
81598961,cpython,python/cpython,python,https://github.com/python/cpython,72657,2017-02-10T19:23:51Z,2026-05-12T10:47:40Z,Python,
107111421,Front-End-Checklist,thedaviddias/Front-End-Checklist,thedaviddias,https://github.com/thedaviddias/Front-End-Checklist,72589,2017-10-16T10:12:36Z,2026-03-16T22:54:03Z,,"checklist, css, front-end-developer-tool, front-end-development, frontend, guidelines, html, javascript, lists, reference, resources, web-development"
718741813,screenshot-to-code,abi/screenshot-to-code,abi,https://github.com/abi/screenshot-to-code,72569,2023-11-14T17:53:32Z,2026-05-10T00:04:48Z,TypeScript,
21872392,awesome-machine-learning,josephmisiti/awesome-machine-learning,josephmisiti,https://github.com/josephmisiti/awesome-machine-learning,72443,2014-07-15T19:11:19Z,2026-04-26T15:32:15Z,Python,
753490180,daytona,daytonaio/daytona,daytonaio,https://github.com/daytonaio/daytona,72410,2024-02-06T08:21:20Z,2026-05-12T11:19:21Z,TypeScript,"agentic-workflow, ai, ai-agents, ai-runtime, ai-sandboxes, code-execution, code-interpreter, developer-tools"
29207621,caddy,caddyserver/caddy,caddyserver,https://github.com/caddyserver/caddy,72363,2015-01-13T19:45:03Z,2026-05-12T03:18:46Z,Go,"acme, automatic-https, caddy, caddyfile, go, golang, http, http-server, http3, https, privacy, reverse-proxy, security, tls, web-server"
13233158,obs-studio,obsproject/obs-studio,obsproject,https://github.com/obsproject/obs-studio,72314,2013-10-01T02:40:31Z,2026-05-12T01:14:57Z,C,"c, c-plus-plus, directshow, facebook-live, ffmpeg, game-capture, live-streaming, screen-capture, twitch-tv, video-recording, youtube-live"
43441403,strapi,strapi/strapi,strapi,https://github.com/strapi/strapi,72143,2015-09-30T15:34:48Z,2026-05-12T11:41:09Z,TypeScript,"api, cms, cms-framework, content-management, content-management-system, customizable, dashboard, graphql, hacktoberfest, headless-cms, jamstack, javascript, mysql, no-code, nodejs, posgresql, rest, strapi, typescript"
7691631,moby,moby/moby,moby,https://github.com/moby/moby,71548,2013-01-18T18:10:57Z,2026-05-12T11:09:16Z,Go,"containers, docker, go, golang"
596892,flask,pallets/flask,pallets,https://github.com/pallets/flask,71522,2010-04-06T11:11:59Z,2026-05-02T13:14:04Z,Python,"flask, jinja, pallets, python, web-framework, werkzeug, wsgi"
77213120,tabby,Eugeny/tabby,Eugeny,https://github.com/Eugeny/tabby,71243,2016-12-23T09:06:10Z,2026-05-09T09:20:32Z,TypeScript,"serial, ssh-client, telnet-client, terminal, terminal-emulators"
23357588,protobuf,protocolbuffers/protobuf,protocolbuffers,https://github.com/protocolbuffers/protobuf,71216,2014-08-26T15:52:15Z,2026-05-12T11:40:56Z,C++,"marshalling, protobuf, protobuf-runtime, protoc, protocol-buffers, protocol-compiler, rpc, serialization"
21935031,awesome-cpp,fffaraz/awesome-cpp,fffaraz,https://github.com/fffaraz/awesome-cpp,71205,2014-07-17T08:51:11Z,2026-05-09T20:30:47Z,,"awesome, awesome-list, c, c-plus-plus, cpp, cpp-library, cppcon, libraries, list, lists, programming-tutorial, resources"
1861458,reveal.js,hakimel/reveal.js,hakimel,https://github.com/hakimel/reveal.js,71185,2011-06-07T18:54:22Z,2026-04-20T12:17:17Z,JavaScript,"presentations, slides, slideshow"
646410686,LlamaFactory,hiyouga/LlamaFactory,hiyouga,https://github.com/hiyouga/LlamaFactory,71175,2023-05-28T10:09:12Z,2026-05-12T03:35:23Z,Python,"agent, ai, deepseek, fine-tuning, gemma, gpt, instruction-tuning, large-language-models, llama, llama3, llm, lora, moe, nlp, peft, qlora, quantization, qwen, rlhf, transformers"
115478820,awesome-scalability,binhnguyennus/awesome-scalability,binhnguyennus,https://github.com/binhnguyennus/awesome-scalability,70967,2017-12-27T03:46:40Z,2026-01-04T03:51:47Z,,"architecture, awesome, awesome-list, backend, big-data, computer-science, design-patterns, devops, distributed-systems, interview, interview-practice, interview-questions, lists, machine-learning, programming, resources, scalability, system, system-design, web-development"
231865705,ChinaTextbook,TapXWorld/ChinaTextbook,TapXWorld,https://github.com/TapXWorld/ChinaTextbook,70951,2020-01-05T04:11:06Z,2025-10-18T13:39:24Z,Roff,
3482588,SecLists,danielmiessler/SecLists,danielmiessler,https://github.com/danielmiessler/SecLists,70859,2012-02-19T01:30:18Z,2026-05-11T03:19:49Z,PHP,
616372661,gpt_academic,binary-husky/gpt_academic,binary-husky,https://github.com/binary-husky/gpt_academic,70621,2023-03-20T09:05:13Z,2026-01-25T12:33:10Z,Python,"academic, chatglm-6b, chatgpt, gpt-4, large-language-models"
377496562,AppFlowy,AppFlowy-IO/AppFlowy,AppFlowy-IO,https://github.com/AppFlowy-IO/AppFlowy,70402,2021-06-16T12:56:48Z,2026-05-12T04:32:49Z,Dart,"blog, confluence-alternative, content-management, content-services, documentation, flutter, note-taking, notion-alternative, project-management, task-management, team-collaboration, wiki"
163883279,act,nektos/act,nektos,https://github.com/nektos/act,70256,2019-01-02T19:53:43Z,2026-05-11T16:10:59Z,Go,"ci, devops, github-actions, golang"
44838949,swift,swiftlang/swift,swiftlang,https://github.com/swiftlang/swift,69978,2015-10-23T21:15:07Z,2026-05-12T10:55:25Z,Swift,
237159,express,expressjs/express,expressjs,https://github.com/expressjs/express,69015,2009-06-26T18:56:01Z,2026-05-11T21:13:43Z,JavaScript,"express, javascript, nodejs, server"
596115135,node,base/node,base,https://github.com/base/node,68577,2023-02-01T13:55:02Z,2026-05-12T03:05:38Z,Go,
3638964,ansible,ansible/ansible,ansible,https://github.com/ansible/ansible,68522,2012-03-06T14:58:02Z,2026-05-11T20:20:18Z,Python,"ansible, python"
173228436,ghidra,NationalSecurityAgency/ghidra,NationalSecurityAgency,https://github.com/NationalSecurityAgency/ghidra,68364,2019-03-01T03:27:48Z,2026-05-07T17:51:59Z,Java,"disassembler, reverse-engineering, software-analysis"
26689598,awesome-courses,prakhar1989/awesome-courses,prakhar1989,https://github.com/prakhar1989/awesome-courses,68349,2014-11-15T18:36:49Z,2023-05-04T12:49:34Z,,"awesome, awesome-list, computer-science, courses"
519859998,AFFiNE,toeverything/AFFiNE,toeverything,https://github.com/toeverything/AFFiNE,68305,2022-07-31T18:45:21Z,2026-05-12T11:16:46Z,TypeScript,"app, crdt, editor, electron, knowledge-base, markdown, miro, notes, notion, notion-alternative, rust, rust-lang, rust-language, table, tableview, whiteboard, wiki, workspace"
1031912724,cc-switch,farion1231/cc-switch,farion1231,https://github.com/farion1231/cc-switch,68224,2025-08-04T14:16:16Z,2026-05-11T07:49:39Z,Rust,"ai-tools, claude-code, codex, desktop-app, hermes, hermes-agent, mcp, minimax, omo, open-source, openclaw, openclaw-ui, opencode, provider-management, rust, skills, skills-management, tauri, typescript, wsl-support"
53809090,anime,juliangarnier/anime,juliangarnier,https://github.com/juliangarnier/anime,68016,2016-03-13T21:37:45Z,2026-04-30T07:05:21Z,JavaScript,"animation, anime, canvas, css, javascript, javascript-library, svg"
660551251,MetaGPT,FoundationAgents/MetaGPT,FoundationAgents,https://github.com/FoundationAgents/MetaGPT,67910,2023-06-30T09:04:55Z,2026-01-21T10:12:33Z,Python,"agent, gpt, llm, metagpt, multi-agent"
18408635,Apollo-11,chrislgarry/Apollo-11,chrislgarry,https://github.com/chrislgarry/Apollo-11,67831,2014-04-03T15:45:02Z,2026-01-22T06:10:28Z,Assembly,"agc, apollo, hacktoberfest, nasa"
323048702,OpenBB,OpenBB-finance/OpenBB,OpenBB-finance,https://github.com/OpenBB-finance/OpenBB,67452,2020-12-20T10:46:38Z,2026-05-11T22:58:50Z,Python,"ai, crypto, derivatives, economics, equity, finance, fixed-income, machine-learning, openbb, options, python, quantitative-finance, stocks"
8843683,Chart.js,chartjs/Chart.js,chartjs,https://github.com/chartjs/Chart.js,67406,2013-03-17T23:56:36Z,2026-04-16T11:49:43Z,JavaScript,"canvas, chart, graph, html5, html5-charts, javascript"
979115477,deer-flow,bytedance/deer-flow,bytedance,https://github.com/bytedance/deer-flow,67093,2025-05-07T02:50:19Z,2026-05-12T08:19:21Z,Python,"agent, agentic, agentic-framework, agentic-workflow, ai, ai-agents, deep-research, harness, langchain, langgraph, langmanus, llm, multi-agent, nodejs, podcast, python, superagent, typescript"
290091948,annotated_deep_learning_paper_implementations,labmlai/annotated_deep_learning_paper_implementations,labmlai,https://github.com/labmlai/annotated_deep_learning_paper_implementations,66599,2020-08-25T02:29:34Z,2026-01-22T04:26:00Z,Python,"attention, deep-learning, deep-learning-tutorial, gan, literate-programming, lora, machine-learning, neural-networks, optimizers, pytorch, reinforcement-learning, transformer, transformers"
147350463,33-js-concepts,leonardomso/33-js-concepts,leonardomso,https://github.com/leonardomso/33-js-concepts,66386,2018-09-04T13:27:04Z,2026-04-12T14:37:20Z,JavaScript,"angular, concepts, es6, es6-javascript, hacktoberfest, javascript, javascript-closures, javascript-engines, javascript-programming, nodejs, primitive-types, programming, react"
9185792,echarts,apache/echarts,apache,https://github.com/apache/echarts,66330,2013-04-03T03:18:59Z,2026-05-12T09:07:16Z,TypeScript,"apache, canvas, charting-library, charts, data-visualization, data-viz, echarts, svg, visualization"
620936652,gpt4free,xtekky/gpt4free,xtekky,https://github.com/xtekky/gpt4free,66209,2023-03-29T17:00:43Z,2026-05-03T19:06:06Z,Python,"chatbot, chatbots, chatgpt, chatgpt-4, chatgpt-api, chatgpt-free, chatgpt4, deepseek, deepseek-api, deepseek-r1, gpt, gpt-4, gpt-4o, gpt4, gpt4-api, language-model, openai, openai-api, openai-chatgpt, reverse-engineering"
843222,scikit-learn,scikit-learn/scikit-learn,scikit-learn,https://github.com/scikit-learn/scikit-learn,66047,2010-08-17T09:43:38Z,2026-05-12T11:15:54Z,Python,"data-analysis, data-science, machine-learning, python, statistics"
3678731,webpack,webpack/webpack,webpack,https://github.com/webpack/webpack,65766,2012-03-10T10:08:14Z,2026-05-11T20:47:13Z,JavaScript,"amd, build-tool, commonjs, compiler, es2015, es6, esm, javascript, javascript-compiler, javascript-modules, loaders, module-bundler, plugins, web, web-performance, webpack"
21737266,awesome-nodejs,sindresorhus/awesome-nodejs,sindresorhus,https://github.com/sindresorhus/awesome-nodejs,65669,2014-07-11T13:35:34Z,2026-05-03T08:24:10Z,,"awesome, awesome-list, javascript, list, node, nodejs"
63477660,Java,TheAlgorithms/Java,TheAlgorithms,https://github.com/TheAlgorithms/Java,65625,2016-07-16T10:21:02Z,2026-05-09T15:24:00Z,Java,"algorithm, algorithm-challenges, algorithms, algorithms-datastructures, data-structures, hacktoberfest, java, search, sort, sorting-algorithms"
261787758,design-resources-for-developers,bradtraversy/design-resources-for-developers,bradtraversy,https://github.com/bradtraversy/design-resources-for-developers,65511,2020-05-06T14:40:35Z,2026-04-13T10:23:07Z,,
798201435,crawl4ai,unclecode/crawl4ai,unclecode,https://github.com/unclecode/crawl4ai,65417,2024-05-09T09:48:50Z,2026-05-06T08:37:05Z,Python,
191529732,javascript-questions,lydiahallie/javascript-questions,lydiahallie,https://github.com/lydiahallie/javascript-questions,65329,2019-06-12T08:26:27Z,2024-08-04T16:08:40Z,,
120538304,nocode,kelseyhightower/nocode,kelseyhightower,https://github.com/kelseyhightower/nocode,65266,2018-02-06T23:54:00Z,2024-08-07T03:19:12Z,Dockerfile,
81975372,interviews,kdn251/interviews,kdn251,https://github.com/kdn251/interviews,64935,2017-02-14T18:19:25Z,2025-05-12T12:56:04Z,Java,"algorithm, algorithm-challenges, algorithm-competitions, algorithms, coding-challenge, coding-challenges, coding-interview, coding-interviews, interview, interview-practice, interview-prep, interview-preparation, interview-questions, interviews, java, leetcode, leetcode-java, leetcode-questions, leetcode-solutions, technical-coding-interview"
71948498,localstack,localstack/localstack,localstack,https://github.com/localstack/localstack,64916,2016-10-25T23:48:03Z,2026-03-23T08:52:01Z,Python,"aws, cloud, continuous-integration, developer-tools, localstack, python, testing"
94911145,docusaurus,facebook/docusaurus,facebook,https://github.com/facebook/docusaurus,64900,2017-06-20T16:13:53Z,2026-05-12T11:24:33Z,TypeScript,"documentation, hacktoberfest, javascript, open-source, react, website"
33263118,uBlock,gorhill/uBlock,gorhill,https://github.com/gorhill/uBlock,64609,2015-04-01T17:51:11Z,2026-05-11T18:00:31Z,JavaScript,"blocker, browser-extension, chromium, firefox, javascript, ublock, ublock-origin"
1170821064,paperclip,paperclipai/paperclip,paperclipai,https://github.com/paperclipai/paperclip,64601,2026-03-02T15:01:51Z,2026-05-12T08:42:49Z,TypeScript,
725205304,unsloth,unslothai/unsloth,unslothai,https://github.com/unslothai/unsloth,64066,2023-11-29T16:50:09Z,2026-05-12T11:46:56Z,Python,"agent, deepseek, fine-tuning, gemma, gemma3, gpt-oss, llama, llama3, llm, llms, mistral, openai, qwen, reinforcement-learning, self-hosted, text-to-speech, tts, ui, unsloth"
33015583,keras,keras-team/keras,keras-team,https://github.com/keras-team/keras,64062,2015-03-28T00:35:42Z,2026-05-11T17:52:35Z,Python,"data-science, deep-learning, jax, machine-learning, neural-networks, python, pytorch, tensorflow"
51980455,alacritty,alacritty/alacritty,alacritty,https://github.com/alacritty/alacritty,64021,2016-02-18T05:02:30Z,2026-05-02T02:14:57Z,Rust,"bsd, gpu, linux, macos, opengl, rust, terminal, terminal-emulators, vte, windows"
6838921,prometheus,prometheus/prometheus,prometheus,https://github.com/prometheus/prometheus,63997,2012-11-24T11:14:12Z,2026-05-12T11:34:02Z,Go,"alerting, graphing, hacktoberfest, metrics, monitoring, prometheus, time-series"
53631945,ripgrep,BurntSushi/ripgrep,BurntSushi,https://github.com/BurntSushi/ripgrep,63645,2016-03-11T02:02:33Z,2026-02-27T16:25:19Z,Rust,"cli, command-line, command-line-tool, gitignore, grep, recursively-search, regex, ripgrep, rust, search"
666299222,open-interpreter,openinterpreter/open-interpreter,openinterpreter,https://github.com/openinterpreter/open-interpreter,63488,2023-07-14T07:10:44Z,2026-05-04T07:36:10Z,Python,"chatgpt, gpt-4, interpreter, javascript, nodejs, python"
571186647,pathway,pathwaycom/pathway,pathwaycom,https://github.com/pathwaycom/pathway,63306,2022-11-27T13:01:14Z,2026-05-12T05:32:06Z,Python,"batch-processing, data-analytics, data-pipelines, data-processing, dataflow, etl, etl-framework, iot-analytics, kafka, machine-learning-algorithms, pathway, python, real-time, rust, stream-processing, streaming, time-series-analysis"
808045485,ladybird,LadybirdBrowser/ladybird,LadybirdBrowser,https://github.com/LadybirdBrowser/ladybird,63304,2024-05-30T09:18:10Z,2026-05-12T08:20:48Z,C++,"browser, browser-engine"
42408804,traefik,traefik/traefik,traefik,https://github.com/traefik/traefik,63131,2015-09-13T19:04:02Z,2026-05-11T13:10:52Z,Go,"consul, docker, etcd, go, golang, kubernetes, letsencrypt, load-balancer, marathon, mesos, microservice, reverse-proxy, traefik, zookeeper"
557980,socket.io,socketio/socket.io,socketio,https://github.com/socketio/socket.io,63082,2010-03-11T18:24:48Z,2026-04-27T11:35:34Z,TypeScript,"javascript, nodejs, socket-io, websocket"
108761645,nocodb,nocodb/nocodb,nocodb,https://github.com/nocodb/nocodb,63016,2017-10-29T18:51:48Z,2026-05-12T11:43:41Z,TypeScript,"airtable, airtable-alternative, automatic-api, hacktoberfest, low-code, no-code, no-code-database, no-code-platform, postgresql, rest-api, restful-api, spreadsheet, sqlite, swagger"
27574418,nerd-fonts,ryanoasis/nerd-fonts,ryanoasis,https://github.com/ryanoasis/nerd-fonts,62943,2014-12-05T04:31:17Z,2026-03-17T19:17:14Z,CSS,"font, font-awesome, fonts, hacktoberfest, icon-font, iconic-fonts, octicons, patched-fonts, patcher, powerline, python, shell, statusline"
1334369,resume.github.com,resume/resume.github.com,resume,https://github.com/resume/resume.github.com,62845,2011-02-06T13:39:55Z,2023-02-15T06:38:51Z,JavaScript,
42489829,rustlings,rust-lang/rustlings,rust-lang,https://github.com/rust-lang/rustlings,62778,2015-09-15T02:25:18Z,2026-05-11T10:14:56Z,Rust,"beginner-friendly, exercises, rust, rustlings"
765083837,MinerU,opendatalab/MinerU,opendatalab,https://github.com/opendatalab/MinerU,62743,2024-02-29T08:52:34Z,2026-05-12T03:02:47Z,Python,"ai4science, document-analysis, docx, extract-data, layout-analysis, ocr, parser, pdf, pdf-converter, pdf-extractor-llm, pdf-extractor-pretrain, pdf-extractor-rag, pdf-parser, pptx, python, xlsx"
15019962,tldr,tldr-pages/tldr,tldr-pages,https://github.com/tldr-pages/tldr,62455,2013-12-08T07:34:43Z,2026-05-12T11:21:14Z,Markdown,"android, bsd, cheatsheet, cheatsheets, command-line, console, documentation, examples, hacktoberfest, help, linux, macos, man-page, manpages, manual, osx, shell, terminal, tldr, windows"
222751131,30-Days-Of-Python,Asabeneh/30-Days-Of-Python,Asabeneh,https://github.com/Asabeneh/30-Days-Of-Python,62375,2019-11-19T17:24:16Z,2026-04-04T17:59:06Z,Python,"30-days-of-python, data, data-science, database, flask, fullstack, github, heroku, matplotlib, ml, mongodb, numpy, pandas, python, python3"
331107018,sway,FuelLabs/sway,FuelLabs,https://github.com/FuelLabs/sway,61703,2021-01-19T20:54:33Z,2026-05-11T19:57:30Z,Rust,"compiler, fuel, language, sway"
1116260703,get-shit-done,gsd-build/get-shit-done,gsd-build,https://github.com/gsd-build/get-shit-done,61677,2025-12-14T14:17:12Z,2026-05-12T03:49:24Z,JavaScript,"claude-code, context-engineering, meta-prompting, spec-driven-development"
824874689,cline,cline/cline,cline,https://github.com/cline/cline,61668,2024-07-06T07:28:10Z,2026-05-12T10:45:35Z,TypeScript,
529502,scrapy,scrapy/scrapy,scrapy,https://github.com/scrapy/scrapy,61628,2010-02-22T02:01:14Z,2026-05-12T07:49:23Z,Python,"crawler, crawling, framework, hacktoberfest, python, scraping, web-scraping, web-scraping-python"
36535156,redux,reduxjs/redux,reduxjs,https://github.com/reduxjs/redux,61443,2015-05-29T23:53:15Z,2026-05-01T20:39:32Z,TypeScript,redux
228016443,leetcode-master,youngyangyang04/leetcode-master,youngyangyang04,https://github.com/youngyangyang04/leetcode-master,61368,2019-12-14T12:05:42Z,2026-04-30T09:36:11Z,Shell,"algorithm, cpp, go, interview, java, javascript, leetcode, offer, programmer, python"
895508656,ai-agents-for-beginners,microsoft/ai-agents-for-beginners,microsoft,https://github.com/microsoft/ai-agents-for-beginners,61250,2024-11-28T10:42:52Z,2026-05-07T12:01:58Z,Jupyter Notebook,"agentic-ai, agentic-framework, agentic-rag, ai-agents, ai-agents-framework, autogen, generative-ai, semantic-kernel"
3955647,lodash,lodash/lodash,lodash,https://github.com/lodash/lodash,61224,2012-04-07T04:11:46Z,2026-05-08T01:37:34Z,JavaScript,"javascript, lodash, modules, utilities"
92443980,drawio-desktop,jgraph/drawio-desktop,jgraph,https://github.com/jgraph/drawio-desktop,61038,2017-05-25T20:58:42Z,2026-05-12T09:57:13Z,JavaScript,"diagram-editor, electron-app, graphics, javascript-applications"
29261473,minio,minio/minio,minio,https://github.com/minio/minio,60915,2015-01-14T19:23:58Z,2026-04-24T17:54:39Z,Go,"amazon-s3, cloud, cloudnative, cloudstorage, go, k8s, kubernetes, multi-cloud, multi-cloud-kubernetes, objectstorage, s3, storage"
74627617,openpilot,commaai/openpilot,commaai,https://github.com/commaai/openpilot,60894,2016-11-24T01:33:30Z,2026-05-12T09:57:05Z,Python,"advanced-driver-assistance-systems, driver-assistance-systems, robotics"
36502,git,git/git,git,https://github.com/git/git,60892,2008-07-23T14:21:26Z,2026-05-12T07:18:36Z,C,"c, hacktoberfest, shell"
3402537,Front-end-Developer-Interview-Questions,h5bp/Front-end-Developer-Interview-Questions,h5bp,https://github.com/h5bp/Front-end-Developer-Interview-Questions,60852,2012-02-09T23:34:10Z,2026-05-08T01:01:03Z,Nunjucks,"css-questions, front-end, html-questions, interview-questions, interview-test, js-questions"
128398636,architect-awesome,xingshaocheng/architect-awesome,xingshaocheng,https://github.com/xingshaocheng/architect-awesome,60807,2018-04-06T13:30:58Z,2024-04-11T11:32:12Z,,
3228505,atom,atom/atom,atom,https://github.com/atom/atom,60800,2012-01-20T18:18:21Z,2023-01-03T10:49:48Z,JavaScript,"atom, editor, electron, javascript, linux, macos, windows"
67702184,Magisk,topjohnwu/Magisk,topjohnwu,https://github.com/topjohnwu/Magisk,60389,2016-09-08T12:42:53Z,2026-05-04T18:15:18Z,Kotlin,
1104332987,MiroFish,666ghj/MiroFish,666ghj,https://github.com/666ghj/MiroFish,60268,2025-11-26T04:23:02Z,2026-04-02T08:54:54Z,Python,"agent-memory, financial-forecasting, future-prediction, knowledge-graph, llms, multi-agent-simulation, public-opinion-analysis, python3, social-prediction, swarm-intelligence"
4311796,markdown-here,adam-p/markdown-here,adam-p,https://github.com/adam-p/markdown-here,60197,2012-05-13T03:27:22Z,2025-08-22T00:21:50Z,JavaScript,
71995937,nuxt,nuxt/nuxt,nuxt,https://github.com/nuxt/nuxt,60196,2016-10-26T11:18:47Z,2026-05-12T10:16:27Z,TypeScript,"csr, framework, full-stack, hacktoberfest, hybrid, node, nuxt, server-rendering, ssg, ssr, static-site-generator, universal, vue"
121898717,vaultwarden,dani-garcia/vaultwarden,dani-garcia,https://github.com/dani-garcia/vaultwarden,60139,2018-02-17T22:40:20Z,2026-05-03T12:22:39Z,Rust,"bitwarden, bitwarden-rs, docker, rocket, rust, vaultwarden"
